Id,Id2,Geography,TOT,65UP
1500000US490351001001,4.90351E+11,"Block Group 1, Census Tract 1001, Salt Lake County, Utah",548,37
1500000US490351001002,4.90351E+11,"Block Group 2, Census Tract 1001, Salt Lake County, Utah",817,64
1500000US490351002001,4.90351E+11,"Block Group 1, Census Tract 1002, Salt Lake County, Utah",1293,148
1500000US490351003061,4.90351E+11,"Block Group 1, Census Tract 1003.06, Salt Lake County, Utah",1796,29
1500000US490351003062,4.90351E+11,"Block Group 2, Census Tract 1003.06, Salt Lake County, Utah",1624,92
1500000US490351003063,4.90351E+11,"Block Group 3, Census Tract 1003.06, Salt Lake County, Utah",1954,148
1500000US490351003071,4.90351E+11,"Block Group 1, Census Tract 1003.07, Salt Lake County, Utah",1753,79
1500000US490351003072,4.90351E+11,"Block Group 2, Census Tract 1003.07, Salt Lake County, Utah",1823,82
1500000US490351003073,4.90351E+11,"Block Group 3, Census Tract 1003.07, Salt Lake County, Utah",1619,49
1500000US490351003081,4.90351E+11,"Block Group 1, Census Tract 1003.08, Salt Lake County, Utah",1825,119
1500000US490351003082,4.90351E+11,"Block Group 2, Census Tract 1003.08, Salt Lake County, Utah",2327,39
1500000US490351005001,4.90351E+11,"Block Group 1, Census Tract 1005, Salt Lake County, Utah",1091,153
1500000US490351005002,4.90351E+11,"Block Group 2, Census Tract 1005, Salt Lake County, Utah",1368,220
1500000US490351005003,4.90351E+11,"Block Group 3, Census Tract 1005, Salt Lake County, Utah",1509,242
1500000US490351005004,4.90351E+11,"Block Group 4, Census Tract 1005, Salt Lake County, Utah",990,92
1500000US490351005005,4.90351E+11,"Block Group 5, Census Tract 1005, Salt Lake County, Utah",1328,0
1500000US490351006001,4.90351E+11,"Block Group 1, Census Tract 1006, Salt Lake County, Utah",1423,149
1500000US490351006002,4.90351E+11,"Block Group 2, Census Tract 1006, Salt Lake County, Utah",1100,167
1500000US490351006003,4.90351E+11,"Block Group 3, Census Tract 1006, Salt Lake County, Utah",1737,250
1500000US490351006004,4.90351E+11,"Block Group 4, Census Tract 1006, Salt Lake County, Utah",1267,128
1500000US490351006005,4.90351E+11,"Block Group 5, Census Tract 1006, Salt Lake County, Utah",1229,70
1500000US490351007001,4.90351E+11,"Block Group 1, Census Tract 1007, Salt Lake County, Utah",760,85
1500000US490351007002,4.90351E+11,"Block Group 2, Census Tract 1007, Salt Lake County, Utah",1103,64
1500000US490351007003,4.90351E+11,"Block Group 3, Census Tract 1007, Salt Lake County, Utah",831,80
1500000US490351008001,4.90351E+11,"Block Group 1, Census Tract 1008, Salt Lake County, Utah",1001,82
1500000US490351008002,4.90351E+11,"Block Group 2, Census Tract 1008, Salt Lake County, Utah",551,124
1500000US490351008003,4.90351E+11,"Block Group 3, Census Tract 1008, Salt Lake County, Utah",997,229
1500000US490351010001,4.90351E+11,"Block Group 1, Census Tract 1010, Salt Lake County, Utah",930,90
1500000US490351010002,4.90351E+11,"Block Group 2, Census Tract 1010, Salt Lake County, Utah",2243,256
1500000US490351011011,4.90351E+11,"Block Group 1, Census Tract 1011.01, Salt Lake County, Utah",1046,113
1500000US490351011012,4.90351E+11,"Block Group 2, Census Tract 1011.01, Salt Lake County, Utah",911,50
1500000US490351011021,4.90351E+11,"Block Group 1, Census Tract 1011.02, Salt Lake County, Utah",1371,243
1500000US490351011022,4.90351E+11,"Block Group 2, Census Tract 1011.02, Salt Lake County, Utah",1169,161
1500000US490351011023,4.90351E+11,"Block Group 3, Census Tract 1011.02, Salt Lake County, Utah",937,211
1500000US490351012001,4.90351E+11,"Block Group 1, Census Tract 1012, Salt Lake County, Utah",928,24
1500000US490351012002,4.90351E+11,"Block Group 2, Census Tract 1012, Salt Lake County, Utah",749,143
1500000US490351012003,4.90351E+11,"Block Group 3, Census Tract 1012, Salt Lake County, Utah",943,130
1500000US490351012004,4.90351E+11,"Block Group 4, Census Tract 1012, Salt Lake County, Utah",1125,124
1500000US490351014001,4.90351E+11,"Block Group 1, Census Tract 1014, Salt Lake County, Utah",781,39
1500000US490351014002,4.90351E+11,"Block Group 2, Census Tract 1014, Salt Lake County, Utah",1647,102
1500000US490351014003,4.90351E+11,"Block Group 3, Census Tract 1014, Salt Lake County, Utah",2099,0
1500000US490351015001,4.90351E+11,"Block Group 1, Census Tract 1015, Salt Lake County, Utah",809,22
1500000US490351015002,4.90351E+11,"Block Group 2, Census Tract 1015, Salt Lake County, Utah",817,23
1500000US490351015003,4.90351E+11,"Block Group 3, Census Tract 1015, Salt Lake County, Utah",1069,90
1500000US490351015004,4.90351E+11,"Block Group 4, Census Tract 1015, Salt Lake County, Utah",546,34
1500000US490351016001,4.90351E+11,"Block Group 1, Census Tract 1016, Salt Lake County, Utah",693,103
1500000US490351016002,4.90351E+11,"Block Group 2, Census Tract 1016, Salt Lake County, Utah",1081,133
1500000US490351016003,4.90351E+11,"Block Group 3, Census Tract 1016, Salt Lake County, Utah",1786,90
1500000US490351017001,4.90351E+11,"Block Group 1, Census Tract 1017, Salt Lake County, Utah",1313,180
1500000US490351017002,4.90351E+11,"Block Group 2, Census Tract 1017, Salt Lake County, Utah",1031,73
1500000US490351017003,4.90351E+11,"Block Group 3, Census Tract 1017, Salt Lake County, Utah",608,0
1500000US490351018001,4.90351E+11,"Block Group 1, Census Tract 1018, Salt Lake County, Utah",1697,72
1500000US490351018002,4.90351E+11,"Block Group 2, Census Tract 1018, Salt Lake County, Utah",973,72
1500000US490351018003,4.90351E+11,"Block Group 3, Census Tract 1018, Salt Lake County, Utah",585,35
1500000US490351019001,4.90351E+11,"Block Group 1, Census Tract 1019, Salt Lake County, Utah",1366,347
1500000US490351019002,4.90351E+11,"Block Group 2, Census Tract 1019, Salt Lake County, Utah",949,57
1500000US490351020001,4.90351E+11,"Block Group 1, Census Tract 1020, Salt Lake County, Utah",962,23
1500000US490351020002,4.90351E+11,"Block Group 2, Census Tract 1020, Salt Lake County, Utah",543,32
1500000US490351020003,4.90351E+11,"Block Group 3, Census Tract 1020, Salt Lake County, Utah",1095,187
1500000US490351021001,4.90351E+11,"Block Group 1, Census Tract 1021, Salt Lake County, Utah",1351,63
1500000US490351023001,4.90351E+11,"Block Group 1, Census Tract 1023, Salt Lake County, Utah",1684,75
1500000US490351023002,4.90351E+11,"Block Group 2, Census Tract 1023, Salt Lake County, Utah",1271,416
1500000US490351025001,4.90351E+11,"Block Group 1, Census Tract 1025, Salt Lake County, Utah",2777,264
1500000US490351026001,4.90351E+11,"Block Group 1, Census Tract 1026, Salt Lake County, Utah",629,115
1500000US490351026002,4.90351E+11,"Block Group 2, Census Tract 1026, Salt Lake County, Utah",1010,126
1500000US490351026003,4.90351E+11,"Block Group 3, Census Tract 1026, Salt Lake County, Utah",2447,154
1500000US490351027011,4.90351E+11,"Block Group 1, Census Tract 1027.01, Salt Lake County, Utah",1661,137
1500000US490351027012,4.90351E+11,"Block Group 2, Census Tract 1027.01, Salt Lake County, Utah",1451,64
1500000US490351027013,4.90351E+11,"Block Group 3, Census Tract 1027.01, Salt Lake County, Utah",1996,113
1500000US490351027021,4.90351E+11,"Block Group 1, Census Tract 1027.02, Salt Lake County, Utah",1042,31
1500000US490351027022,4.90351E+11,"Block Group 2, Census Tract 1027.02, Salt Lake County, Utah",2803,145
1500000US490351028011,4.90351E+11,"Block Group 1, Census Tract 1028.01, Salt Lake County, Utah",1235,107
1500000US490351028012,4.90351E+11,"Block Group 2, Census Tract 1028.01, Salt Lake County, Utah",2497,184
1500000US490351028013,4.90351E+11,"Block Group 3, Census Tract 1028.01, Salt Lake County, Utah",2675,216
1500000US490351028021,4.90351E+11,"Block Group 1, Census Tract 1028.02, Salt Lake County, Utah",1424,80
1500000US490351028022,4.90351E+11,"Block Group 2, Census Tract 1028.02, Salt Lake County, Utah",1751,166
1500000US490351028023,4.90351E+11,"Block Group 3, Census Tract 1028.02, Salt Lake County, Utah",1829,64
1500000US490351029001,4.90351E+11,"Block Group 1, Census Tract 1029, Salt Lake County, Utah",2083,137
1500000US490351029002,4.90351E+11,"Block Group 2, Census Tract 1029, Salt Lake County, Utah",1463,51
1500000US490351029003,4.90351E+11,"Block Group 3, Census Tract 1029, Salt Lake County, Utah",1069,110
1500000US490351030001,4.90351E+11,"Block Group 1, Census Tract 1030, Salt Lake County, Utah",1358,141
1500000US490351030002,4.90351E+11,"Block Group 2, Census Tract 1030, Salt Lake County, Utah",1413,47
1500000US490351031001,4.90351E+11,"Block Group 1, Census Tract 1031, Salt Lake County, Utah",1356,107
1500000US490351031002,4.90351E+11,"Block Group 2, Census Tract 1031, Salt Lake County, Utah",1786,32
1500000US490351031003,4.90351E+11,"Block Group 3, Census Tract 1031, Salt Lake County, Utah",1202,95
1500000US490351032001,4.90351E+11,"Block Group 1, Census Tract 1032, Salt Lake County, Utah",1419,94
1500000US490351032002,4.90351E+11,"Block Group 2, Census Tract 1032, Salt Lake County, Utah",1611,237
1500000US490351032003,4.90351E+11,"Block Group 3, Census Tract 1032, Salt Lake County, Utah",1414,481
1500000US490351033001,4.90351E+11,"Block Group 1, Census Tract 1033, Salt Lake County, Utah",1626,55
1500000US490351033002,4.90351E+11,"Block Group 2, Census Tract 1033, Salt Lake County, Utah",1338,326
1500000US490351033003,4.90351E+11,"Block Group 3, Census Tract 1033, Salt Lake County, Utah",1363,51
1500000US490351034001,4.90351E+11,"Block Group 1, Census Tract 1034, Salt Lake County, Utah",1469,108
1500000US490351034002,4.90351E+11,"Block Group 2, Census Tract 1034, Salt Lake County, Utah",1273,59
1500000US490351034003,4.90351E+11,"Block Group 3, Census Tract 1034, Salt Lake County, Utah",1747,69
1500000US490351035001,4.90351E+11,"Block Group 1, Census Tract 1035, Salt Lake County, Utah",1170,109
1500000US490351035002,4.90351E+11,"Block Group 2, Census Tract 1035, Salt Lake County, Utah",1408,111
1500000US490351035003,4.90351E+11,"Block Group 3, Census Tract 1035, Salt Lake County, Utah",1417,82
1500000US490351036001,4.90351E+11,"Block Group 1, Census Tract 1036, Salt Lake County, Utah",1224,91
1500000US490351036002,4.90351E+11,"Block Group 2, Census Tract 1036, Salt Lake County, Utah",1318,141
1500000US490351037001,4.90351E+11,"Block Group 1, Census Tract 1037, Salt Lake County, Utah",1083,68
1500000US490351037002,4.90351E+11,"Block Group 2, Census Tract 1037, Salt Lake County, Utah",1600,122
1500000US490351038001,4.90351E+11,"Block Group 1, Census Tract 1038, Salt Lake County, Utah",1157,170
1500000US490351038002,4.90351E+11,"Block Group 2, Census Tract 1038, Salt Lake County, Utah",1356,60
1500000US490351039001,4.90351E+11,"Block Group 1, Census Tract 1039, Salt Lake County, Utah",1328,99
1500000US490351039002,4.90351E+11,"Block Group 2, Census Tract 1039, Salt Lake County, Utah",1500,74
1500000US490351039003,4.90351E+11,"Block Group 3, Census Tract 1039, Salt Lake County, Utah",1451,150
1500000US490351040001,4.90351E+11,"Block Group 1, Census Tract 1040, Salt Lake County, Utah",1558,150
1500000US490351040002,4.90351E+11,"Block Group 2, Census Tract 1040, Salt Lake County, Utah",924,183
1500000US490351040003,4.90351E+11,"Block Group 3, Census Tract 1040, Salt Lake County, Utah",726,98
1500000US490351041001,4.90351E+11,"Block Group 1, Census Tract 1041, Salt Lake County, Utah",1476,180
1500000US490351041002,4.90351E+11,"Block Group 2, Census Tract 1041, Salt Lake County, Utah",1530,232
1500000US490351042001,4.90351E+11,"Block Group 1, Census Tract 1042, Salt Lake County, Utah",1558,324
1500000US490351042002,4.90351E+11,"Block Group 2, Census Tract 1042, Salt Lake County, Utah",937,162
1500000US490351042003,4.90351E+11,"Block Group 3, Census Tract 1042, Salt Lake County, Utah",921,240
1500000US490351042004,4.90351E+11,"Block Group 4, Census Tract 1042, Salt Lake County, Utah",1749,282
1500000US490351042005,4.90351E+11,"Block Group 5, Census Tract 1042, Salt Lake County, Utah",782,290
1500000US490351042006,4.90351E+11,"Block Group 6, Census Tract 1042, Salt Lake County, Utah",930,316
1500000US490351043001,4.90351E+11,"Block Group 1, Census Tract 1043, Salt Lake County, Utah",1373,144
1500000US490351043002,4.90351E+11,"Block Group 2, Census Tract 1043, Salt Lake County, Utah",1386,105
1500000US490351044001,4.90351E+11,"Block Group 1, Census Tract 1044, Salt Lake County, Utah",1179,108
1500000US490351044002,4.90351E+11,"Block Group 2, Census Tract 1044, Salt Lake County, Utah",951,132
1500000US490351047001,4.90351E+11,"Block Group 1, Census Tract 1047, Salt Lake County, Utah",1580,157
1500000US490351047002,4.90351E+11,"Block Group 2, Census Tract 1047, Salt Lake County, Utah",2344,198
1500000US490351047003,4.90351E+11,"Block Group 3, Census Tract 1047, Salt Lake County, Utah",1304,273
1500000US490351048001,4.90351E+11,"Block Group 1, Census Tract 1048, Salt Lake County, Utah",1039,100
1500000US490351048002,4.90351E+11,"Block Group 2, Census Tract 1048, Salt Lake County, Utah",1475,169
1500000US490351048003,4.90351E+11,"Block Group 3, Census Tract 1048, Salt Lake County, Utah",801,265
1500000US490351048004,4.90351E+11,"Block Group 4, Census Tract 1048, Salt Lake County, Utah",1747,114
1500000US490351049001,4.90351E+11,"Block Group 1, Census Tract 1049, Salt Lake County, Utah",791,17
1500000US490351049002,4.90351E+11,"Block Group 2, Census Tract 1049, Salt Lake County, Utah",1561,109
1500000US490351049003,4.90351E+11,"Block Group 3, Census Tract 1049, Salt Lake County, Utah",914,80
1500000US490351101021,4.90351E+11,"Block Group 1, Census Tract 1101.02, Salt Lake County, Utah",973,67
1500000US490351101022,4.90351E+11,"Block Group 2, Census Tract 1101.02, Salt Lake County, Utah",1617,284
1500000US490351101023,4.90351E+11,"Block Group 3, Census Tract 1101.02, Salt Lake County, Utah",1731,291
1500000US490351101031,4.90351E+11,"Block Group 1, Census Tract 1101.03, Salt Lake County, Utah",1770,170
1500000US490351101032,4.90351E+11,"Block Group 2, Census Tract 1101.03, Salt Lake County, Utah",1089,180
1500000US490351101033,4.90351E+11,"Block Group 3, Census Tract 1101.03, Salt Lake County, Utah",885,180
1500000US490351101041,4.90351E+11,"Block Group 1, Census Tract 1101.04, Salt Lake County, Utah",2103,260
1500000US490351101042,4.90351E+11,"Block Group 2, Census Tract 1101.04, Salt Lake County, Utah",1001,231
1500000US490351101043,4.90351E+11,"Block Group 3, Census Tract 1101.04, Salt Lake County, Utah",967,205
1500000US490351101044,4.90351E+11,"Block Group 4, Census Tract 1101.04, Salt Lake County, Utah",1213,305
1500000US490351102001,4.90351E+11,"Block Group 1, Census Tract 1102, Salt Lake County, Utah",1115,144
1500000US490351102002,4.90351E+11,"Block Group 2, Census Tract 1102, Salt Lake County, Utah",789,145
1500000US490351102003,4.90351E+11,"Block Group 3, Census Tract 1102, Salt Lake County, Utah",994,115
1500000US490351102004,4.90351E+11,"Block Group 4, Census Tract 1102, Salt Lake County, Utah",1184,104
1500000US490351102005,4.90351E+11,"Block Group 5, Census Tract 1102, Salt Lake County, Utah",1344,226
1500000US490351103001,4.90351E+11,"Block Group 1, Census Tract 1103, Salt Lake County, Utah",760,70
1500000US490351103002,4.90351E+11,"Block Group 2, Census Tract 1103, Salt Lake County, Utah",785,72
1500000US490351103003,4.90351E+11,"Block Group 3, Census Tract 1103, Salt Lake County, Utah",1024,266
1500000US490351103004,4.90351E+11,"Block Group 4, Census Tract 1103, Salt Lake County, Utah",702,111
1500000US490351103005,4.90351E+11,"Block Group 5, Census Tract 1103, Salt Lake County, Utah",1023,69
1500000US490351103006,4.90351E+11,"Block Group 6, Census Tract 1103, Salt Lake County, Utah",1056,146
1500000US490351104011,4.90351E+11,"Block Group 1, Census Tract 1104.01, Salt Lake County, Utah",994,121
1500000US490351104012,4.90351E+11,"Block Group 2, Census Tract 1104.01, Salt Lake County, Utah",466,29
1500000US490351104013,4.90351E+11,"Block Group 3, Census Tract 1104.01, Salt Lake County, Utah",1719,425
1500000US490351104021,4.90351E+11,"Block Group 1, Census Tract 1104.02, Salt Lake County, Utah",1686,210
1500000US490351104022,4.90351E+11,"Block Group 2, Census Tract 1104.02, Salt Lake County, Utah",823,225
1500000US490351104023,4.90351E+11,"Block Group 3, Census Tract 1104.02, Salt Lake County, Utah",1305,208
1500000US490351105001,4.90351E+11,"Block Group 1, Census Tract 1105, Salt Lake County, Utah",1846,229
1500000US490351105002,4.90351E+11,"Block Group 2, Census Tract 1105, Salt Lake County, Utah",1956,412
1500000US490351105003,4.90351E+11,"Block Group 3, Census Tract 1105, Salt Lake County, Utah",813,201
1500000US490351105004,4.90351E+11,"Block Group 4, Census Tract 1105, Salt Lake County, Utah",1454,222
1500000US490351106001,4.90351E+11,"Block Group 1, Census Tract 1106, Salt Lake County, Utah",1013,219
1500000US490351106002,4.90351E+11,"Block Group 2, Census Tract 1106, Salt Lake County, Utah",1391,165
1500000US490351106003,4.90351E+11,"Block Group 3, Census Tract 1106, Salt Lake County, Utah",1108,185
1500000US490351106004,4.90351E+11,"Block Group 4, Census Tract 1106, Salt Lake County, Utah",886,107
1500000US490351106005,4.90351E+11,"Block Group 5, Census Tract 1106, Salt Lake County, Utah",766,165
1500000US490351107011,4.90351E+11,"Block Group 1, Census Tract 1107.01, Salt Lake County, Utah",1634,134
1500000US490351107012,4.90351E+11,"Block Group 2, Census Tract 1107.01, Salt Lake County, Utah",2158,211
1500000US490351107021,4.90351E+11,"Block Group 1, Census Tract 1107.02, Salt Lake County, Utah",1432,203
1500000US490351107022,4.90351E+11,"Block Group 2, Census Tract 1107.02, Salt Lake County, Utah",1268,170
1500000US490351107023,4.90351E+11,"Block Group 3, Census Tract 1107.02, Salt Lake County, Utah",995,172
1500000US490351107024,4.90351E+11,"Block Group 4, Census Tract 1107.02, Salt Lake County, Utah",1495,229
1500000US490351108001,4.90351E+11,"Block Group 1, Census Tract 1108, Salt Lake County, Utah",750,201
1500000US490351108002,4.90351E+11,"Block Group 2, Census Tract 1108, Salt Lake County, Utah",1287,273
1500000US490351108003,4.90351E+11,"Block Group 3, Census Tract 1108, Salt Lake County, Utah",1643,332
1500000US490351108004,4.90351E+11,"Block Group 4, Census Tract 1108, Salt Lake County, Utah",1457,381
1500000US490351109001,4.90351E+11,"Block Group 1, Census Tract 1109, Salt Lake County, Utah",1113,263
1500000US490351109002,4.90351E+11,"Block Group 2, Census Tract 1109, Salt Lake County, Utah",2162,235
1500000US490351109003,4.90351E+11,"Block Group 3, Census Tract 1109, Salt Lake County, Utah",715,189
1500000US490351109004,4.90351E+11,"Block Group 4, Census Tract 1109, Salt Lake County, Utah",607,100
1500000US490351110011,4.90351E+11,"Block Group 1, Census Tract 1110.01, Salt Lake County, Utah",1261,228
1500000US490351110012,4.90351E+11,"Block Group 2, Census Tract 1110.01, Salt Lake County, Utah",2328,389
1500000US490351110013,4.90351E+11,"Block Group 3, Census Tract 1110.01, Salt Lake County, Utah",1198,247
1500000US490351110021,4.90351E+11,"Block Group 1, Census Tract 1110.02, Salt Lake County, Utah",1730,272
1500000US490351110022,4.90351E+11,"Block Group 2, Census Tract 1110.02, Salt Lake County, Utah",1921,343
1500000US490351110023,4.90351E+11,"Block Group 3, Census Tract 1110.02, Salt Lake County, Utah",1858,74
1500000US490351111011,4.90351E+11,"Block Group 1, Census Tract 1111.01, Salt Lake County, Utah",1369,302
1500000US490351111012,4.90351E+11,"Block Group 2, Census Tract 1111.01, Salt Lake County, Utah",2241,360
1500000US490351111013,4.90351E+11,"Block Group 3, Census Tract 1111.01, Salt Lake County, Utah",1271,191
1500000US490351111014,4.90351E+11,"Block Group 4, Census Tract 1111.01, Salt Lake County, Utah",1712,424
1500000US490351111021,4.90351E+11,"Block Group 1, Census Tract 1111.02, Salt Lake County, Utah",1733,301
1500000US490351111022,4.90351E+11,"Block Group 2, Census Tract 1111.02, Salt Lake County, Utah",1324,276
1500000US490351111023,4.90351E+11,"Block Group 3, Census Tract 1111.02, Salt Lake County, Utah",955,94
1500000US490351111024,4.90351E+11,"Block Group 4, Census Tract 1111.02, Salt Lake County, Utah",1715,342
1500000US490351111031,4.90351E+11,"Block Group 1, Census Tract 1111.03, Salt Lake County, Utah",1256,396
1500000US490351111032,4.90351E+11,"Block Group 2, Census Tract 1111.03, Salt Lake County, Utah",1419,498
1500000US490351111033,4.90351E+11,"Block Group 3, Census Tract 1111.03, Salt Lake County, Utah",2241,285
1500000US490351111034,4.90351E+11,"Block Group 4, Census Tract 1111.03, Salt Lake County, Utah",942,439
1500000US490351112011,4.90351E+11,"Block Group 1, Census Tract 1112.01, Salt Lake County, Utah",1193,233
1500000US490351112012,4.90351E+11,"Block Group 2, Census Tract 1112.01, Salt Lake County, Utah",1604,222
1500000US490351112021,4.90351E+11,"Block Group 1, Census Tract 1112.02, Salt Lake County, Utah",2909,278
1500000US490351112022,4.90351E+11,"Block Group 2, Census Tract 1112.02, Salt Lake County, Utah",543,73
1500000US490351112023,4.90351E+11,"Block Group 3, Census Tract 1112.02, Salt Lake County, Utah",1435,160
1500000US490351113021,4.90351E+11,"Block Group 1, Census Tract 1113.02, Salt Lake County, Utah",1093,160
1500000US490351113022,4.90351E+11,"Block Group 2, Census Tract 1113.02, Salt Lake County, Utah",1834,377
1500000US490351113023,4.90351E+11,"Block Group 3, Census Tract 1113.02, Salt Lake County, Utah",1315,204
1500000US490351113024,4.90351E+11,"Block Group 4, Census Tract 1113.02, Salt Lake County, Utah",1427,126
1500000US490351113041,4.90351E+11,"Block Group 1, Census Tract 1113.04, Salt Lake County, Utah",1414,255
1500000US490351113042,4.90351E+11,"Block Group 2, Census Tract 1113.04, Salt Lake County, Utah",2179,179
1500000US490351113051,4.90351E+11,"Block Group 1, Census Tract 1113.05, Salt Lake County, Utah",2086,333
1500000US490351113052,4.90351E+11,"Block Group 2, Census Tract 1113.05, Salt Lake County, Utah",2188,293
1500000US490351113061,4.90351E+11,"Block Group 1, Census Tract 1113.06, Salt Lake County, Utah",1616,114
1500000US490351113062,4.90351E+11,"Block Group 2, Census Tract 1113.06, Salt Lake County, Utah",904,93
1500000US490351114001,4.90351E+11,"Block Group 1, Census Tract 1114, Salt Lake County, Utah",1449,106
1500000US490351114002,4.90351E+11,"Block Group 2, Census Tract 1114, Salt Lake County, Utah",1100,89
1500000US490351114003,4.90351E+11,"Block Group 3, Census Tract 1114, Salt Lake County, Utah",741,134
1500000US490351114004,4.90351E+11,"Block Group 4, Census Tract 1114, Salt Lake County, Utah",1380,74
1500000US490351114005,4.90351E+11,"Block Group 5, Census Tract 1114, Salt Lake County, Utah",878,92
1500000US490351114006,4.90351E+11,"Block Group 6, Census Tract 1114, Salt Lake County, Utah",1421,58
1500000US490351115001,4.90351E+11,"Block Group 1, Census Tract 1115, Salt Lake County, Utah",1590,83
1500000US490351116001,4.90351E+11,"Block Group 1, Census Tract 1116, Salt Lake County, Utah",1279,137
1500000US490351116002,4.90351E+11,"Block Group 2, Census Tract 1116, Salt Lake County, Utah",1427,148
1500000US490351116003,4.90351E+11,"Block Group 3, Census Tract 1116, Salt Lake County, Utah",2606,43
1500000US490351116004,4.90351E+11,"Block Group 4, Census Tract 1116, Salt Lake County, Utah",1693,29
1500000US490351117011,4.90351E+11,"Block Group 1, Census Tract 1117.01, Salt Lake County, Utah",759,37
1500000US490351117012,4.90351E+11,"Block Group 2, Census Tract 1117.01, Salt Lake County, Utah",2990,138
1500000US490351117013,4.90351E+11,"Block Group 3, Census Tract 1117.01, Salt Lake County, Utah",1902,7
1500000US490351117021,4.90351E+11,"Block Group 1, Census Tract 1117.02, Salt Lake County, Utah",1026,116
1500000US490351117022,4.90351E+11,"Block Group 2, Census Tract 1117.02, Salt Lake County, Utah",1171,121
1500000US490351117023,4.90351E+11,"Block Group 3, Census Tract 1117.02, Salt Lake County, Utah",1503,158
1500000US490351117024,4.90351E+11,"Block Group 4, Census Tract 1117.02, Salt Lake County, Utah",545,49
1500000US490351118011,4.90351E+11,"Block Group 1, Census Tract 1118.01, Salt Lake County, Utah",1825,334
1500000US490351118012,4.90351E+11,"Block Group 2, Census Tract 1118.01, Salt Lake County, Utah",2392,424
1500000US490351118013,4.90351E+11,"Block Group 3, Census Tract 1118.01, Salt Lake County, Utah",1525,165
1500000US490351118021,4.90351E+11,"Block Group 1, Census Tract 1118.02, Salt Lake County, Utah",1359,118
1500000US490351118022,4.90351E+11,"Block Group 2, Census Tract 1118.02, Salt Lake County, Utah",941,125
1500000US490351119031,4.90351E+11,"Block Group 1, Census Tract 1119.03, Salt Lake County, Utah",1545,213
1500000US490351119032,4.90351E+11,"Block Group 2, Census Tract 1119.03, Salt Lake County, Utah",937,243
1500000US490351119033,4.90351E+11,"Block Group 3, Census Tract 1119.03, Salt Lake County, Utah",1671,190
1500000US490351119041,4.90351E+11,"Block Group 1, Census Tract 1119.04, Salt Lake County, Utah",909,28
1500000US490351119042,4.90351E+11,"Block Group 2, Census Tract 1119.04, Salt Lake County, Utah",1636,400
1500000US490351119043,4.90351E+11,"Block Group 3, Census Tract 1119.04, Salt Lake County, Utah",1151,254
1500000US490351119051,4.90351E+11,"Block Group 1, Census Tract 1119.05, Salt Lake County, Utah",1144,143
1500000US490351119052,4.90351E+11,"Block Group 2, Census Tract 1119.05, Salt Lake County, Utah",2300,485
1500000US490351119061,4.90351E+11,"Block Group 1, Census Tract 1119.06, Salt Lake County, Utah",2432,212
1500000US490351119062,4.90351E+11,"Block Group 2, Census Tract 1119.06, Salt Lake County, Utah",1631,102
1500000US490351120011,4.90351E+11,"Block Group 1, Census Tract 1120.01, Salt Lake County, Utah",1303,214
1500000US490351120012,4.90351E+11,"Block Group 2, Census Tract 1120.01, Salt Lake County, Utah",1400,251
1500000US490351120013,4.90351E+11,"Block Group 3, Census Tract 1120.01, Salt Lake County, Utah",726,153
1500000US490351120021,4.90351E+11,"Block Group 1, Census Tract 1120.02, Salt Lake County, Utah",1415,334
1500000US490351120022,4.90351E+11,"Block Group 2, Census Tract 1120.02, Salt Lake County, Utah",707,114
1500000US490351120023,4.90351E+11,"Block Group 3, Census Tract 1120.02, Salt Lake County, Utah",1425,94
1500000US490351120024,4.90351E+11,"Block Group 4, Census Tract 1120.02, Salt Lake County, Utah",604,51
1500000US490351121001,4.90351E+11,"Block Group 1, Census Tract 1121, Salt Lake County, Utah",1475,137
1500000US490351121002,4.90351E+11,"Block Group 2, Census Tract 1121, Salt Lake County, Utah",1972,95
1500000US490351121003,4.90351E+11,"Block Group 3, Census Tract 1121, Salt Lake County, Utah",947,12
1500000US490351121004,4.90351E+11,"Block Group 4, Census Tract 1121, Salt Lake County, Utah",1238,152
1500000US490351121005,4.90351E+11,"Block Group 5, Census Tract 1121, Salt Lake County, Utah",1639,114
1500000US490351122011,4.90351E+11,"Block Group 1, Census Tract 1122.01, Salt Lake County, Utah",1862,334
1500000US490351122012,4.90351E+11,"Block Group 2, Census Tract 1122.01, Salt Lake County, Utah",2162,146
1500000US490351122013,4.90351E+11,"Block Group 3, Census Tract 1122.01, Salt Lake County, Utah",1447,258
1500000US490351122021,4.90351E+11,"Block Group 1, Census Tract 1122.02, Salt Lake County, Utah",1431,126
1500000US490351122022,4.90351E+11,"Block Group 2, Census Tract 1122.02, Salt Lake County, Utah",1473,244
1500000US490351122023,4.90351E+11,"Block Group 3, Census Tract 1122.02, Salt Lake County, Utah",1047,54
1500000US490351123011,4.90351E+11,"Block Group 1, Census Tract 1123.01, Salt Lake County, Utah",791,80
1500000US490351123012,4.90351E+11,"Block Group 2, Census Tract 1123.01, Salt Lake County, Utah",1412,144
1500000US490351123013,4.90351E+11,"Block Group 3, Census Tract 1123.01, Salt Lake County, Utah",1803,218
1500000US490351123021,4.90351E+11,"Block Group 1, Census Tract 1123.02, Salt Lake County, Utah",888,274
1500000US490351123022,4.90351E+11,"Block Group 2, Census Tract 1123.02, Salt Lake County, Utah",718,115
1500000US490351123023,4.90351E+11,"Block Group 3, Census Tract 1123.02, Salt Lake County, Utah",2196,279
1500000US490351124021,4.90351E+11,"Block Group 1, Census Tract 1124.02, Salt Lake County, Utah",952,102
1500000US490351124022,4.90351E+11,"Block Group 2, Census Tract 1124.02, Salt Lake County, Utah",1232,325
1500000US490351124023,4.90351E+11,"Block Group 3, Census Tract 1124.02, Salt Lake County, Utah",2138,203
1500000US490351124024,4.90351E+11,"Block Group 4, Census Tract 1124.02, Salt Lake County, Utah",1444,110
1500000US490351124031,4.90351E+11,"Block Group 1, Census Tract 1124.03, Salt Lake County, Utah",1971,95
1500000US490351124032,4.90351E+11,"Block Group 2, Census Tract 1124.03, Salt Lake County, Utah",1074,53
1500000US490351124033,4.90351E+11,"Block Group 3, Census Tract 1124.03, Salt Lake County, Utah",1961,128
1500000US490351124041,4.90351E+11,"Block Group 1, Census Tract 1124.04, Salt Lake County, Utah",1798,119
1500000US490351124042,4.90351E+11,"Block Group 2, Census Tract 1124.04, Salt Lake County, Utah",2923,172
1500000US490351125011,4.90351E+11,"Block Group 1, Census Tract 1125.01, Salt Lake County, Utah",755,124
1500000US490351125012,4.90351E+11,"Block Group 2, Census Tract 1125.01, Salt Lake County, Utah",1648,195
1500000US490351125013,4.90351E+11,"Block Group 3, Census Tract 1125.01, Salt Lake County, Utah",1543,262
1500000US490351125021,4.90351E+11,"Block Group 1, Census Tract 1125.02, Salt Lake County, Utah",1314,31
1500000US490351125022,4.90351E+11,"Block Group 2, Census Tract 1125.02, Salt Lake County, Utah",1162,200
1500000US490351125023,4.90351E+11,"Block Group 3, Census Tract 1125.02, Salt Lake County, Utah",1843,204
1500000US490351125024,4.90351E+11,"Block Group 4, Census Tract 1125.02, Salt Lake County, Utah",304,0
1500000US490351125025,4.90351E+11,"Block Group 5, Census Tract 1125.02, Salt Lake County, Utah",1638,229
1500000US490351125031,4.90351E+11,"Block Group 1, Census Tract 1125.03, Salt Lake County, Utah",1534,171
1500000US490351125032,4.90351E+11,"Block Group 2, Census Tract 1125.03, Salt Lake County, Utah",1017,123
1500000US490351125033,4.90351E+11,"Block Group 3, Census Tract 1125.03, Salt Lake County, Utah",1740,186
1500000US490351125034,4.90351E+11,"Block Group 4, Census Tract 1125.03, Salt Lake County, Utah",470,96
1500000US490351126041,4.90351E+11,"Block Group 1, Census Tract 1126.04, Salt Lake County, Utah",1446,116
1500000US490351126042,4.90351E+11,"Block Group 2, Census Tract 1126.04, Salt Lake County, Utah",1263,122
1500000US490351126043,4.90351E+11,"Block Group 3, Census Tract 1126.04, Salt Lake County, Utah",1277,196
1500000US490351126044,4.90351E+11,"Block Group 4, Census Tract 1126.04, Salt Lake County, Utah",816,143
1500000US490351126051,4.90351E+11,"Block Group 1, Census Tract 1126.05, Salt Lake County, Utah",1886,334
1500000US490351126052,4.90351E+11,"Block Group 2, Census Tract 1126.05, Salt Lake County, Utah",1098,133
1500000US490351126053,4.90351E+11,"Block Group 3, Census Tract 1126.05, Salt Lake County, Utah",735,85
1500000US490351126054,4.90351E+11,"Block Group 4, Census Tract 1126.05, Salt Lake County, Utah",708,139
1500000US490351126055,4.90351E+11,"Block Group 5, Census Tract 1126.05, Salt Lake County, Utah",2839,98
1500000US490351126081,4.90351E+11,"Block Group 1, Census Tract 1126.08, Salt Lake County, Utah",1006,112
1500000US490351126082,4.90351E+11,"Block Group 2, Census Tract 1126.08, Salt Lake County, Utah",1466,234
1500000US490351126083,4.90351E+11,"Block Group 3, Census Tract 1126.08, Salt Lake County, Utah",1747,167
1500000US490351126084,4.90351E+11,"Block Group 4, Census Tract 1126.08, Salt Lake County, Utah",1122,181
1500000US490351126091,4.90351E+11,"Block Group 1, Census Tract 1126.09, Salt Lake County, Utah",2399,209
1500000US490351126092,4.90351E+11,"Block Group 2, Census Tract 1126.09, Salt Lake County, Utah",1488,104
1500000US490351126093,4.90351E+11,"Block Group 3, Census Tract 1126.09, Salt Lake County, Utah",1875,149
1500000US490351126101,4.90351E+11,"Block Group 1, Census Tract 1126.10, Salt Lake County, Utah",1478,142
1500000US490351126102,4.90351E+11,"Block Group 2, Census Tract 1126.10, Salt Lake County, Utah",1027,147
1500000US490351126103,4.90351E+11,"Block Group 3, Census Tract 1126.10, Salt Lake County, Utah",1931,112
1500000US490351126111,4.90351E+11,"Block Group 1, Census Tract 1126.11, Salt Lake County, Utah",1193,121
1500000US490351126112,4.90351E+11,"Block Group 2, Census Tract 1126.11, Salt Lake County, Utah",1874,177
1500000US490351126113,4.90351E+11,"Block Group 3, Census Tract 1126.11, Salt Lake County, Utah",1200,232
1500000US490351126114,4.90351E+11,"Block Group 4, Census Tract 1126.11, Salt Lake County, Utah",2358,159
1500000US490351126121,4.90351E+11,"Block Group 1, Census Tract 1126.12, Salt Lake County, Utah",2626,192
1500000US490351126122,4.90351E+11,"Block Group 2, Census Tract 1126.12, Salt Lake County, Utah",1673,296
1500000US490351126131,4.90351E+11,"Block Group 1, Census Tract 1126.13, Salt Lake County, Utah",1356,110
1500000US490351126132,4.90351E+11,"Block Group 2, Census Tract 1126.13, Salt Lake County, Utah",1412,164
1500000US490351126133,4.90351E+11,"Block Group 3, Census Tract 1126.13, Salt Lake County, Utah",1867,176
1500000US490351126141,4.90351E+11,"Block Group 1, Census Tract 1126.14, Salt Lake County, Utah",1537,321
1500000US490351126142,4.90351E+11,"Block Group 2, Census Tract 1126.14, Salt Lake County, Utah",1612,312
1500000US490351126151,4.90351E+11,"Block Group 1, Census Tract 1126.15, Salt Lake County, Utah",1319,184
1500000US490351126152,4.90351E+11,"Block Group 2, Census Tract 1126.15, Salt Lake County, Utah",1004,59
1500000US490351126161,4.90351E+11,"Block Group 1, Census Tract 1126.16, Salt Lake County, Utah",2927,296
1500000US490351126162,4.90351E+11,"Block Group 2, Census Tract 1126.16, Salt Lake County, Utah",1384,141
1500000US490351126171,4.90351E+11,"Block Group 1, Census Tract 1126.17, Salt Lake County, Utah",1451,123
1500000US490351126172,4.90351E+11,"Block Group 2, Census Tract 1126.17, Salt Lake County, Utah",1342,70
1500000US490351126173,4.90351E+11,"Block Group 3, Census Tract 1126.17, Salt Lake County, Utah",803,43
1500000US490351126181,4.90351E+11,"Block Group 1, Census Tract 1126.18, Salt Lake County, Utah",1416,143
1500000US490351126182,4.90351E+11,"Block Group 2, Census Tract 1126.18, Salt Lake County, Utah",1858,245
1500000US490351126191,4.90351E+11,"Block Group 1, Census Tract 1126.19, Salt Lake County, Utah",1121,278
1500000US490351126192,4.90351E+11,"Block Group 2, Census Tract 1126.19, Salt Lake County, Utah",1967,260
1500000US490351127001,4.90351E+11,"Block Group 1, Census Tract 1127, Salt Lake County, Utah",1186,124
1500000US490351127002,4.90351E+11,"Block Group 2, Census Tract 1127, Salt Lake County, Utah",907,83
1500000US490351127003,4.90351E+11,"Block Group 3, Census Tract 1127, Salt Lake County, Utah",1261,52
1500000US490351127004,4.90351E+11,"Block Group 4, Census Tract 1127, Salt Lake County, Utah",1724,314
1500000US490351128041,4.90351E+11,"Block Group 1, Census Tract 1128.04, Salt Lake County, Utah",1387,248
1500000US490351128042,4.90351E+11,"Block Group 2, Census Tract 1128.04, Salt Lake County, Utah",1137,140
1500000US490351128043,4.90351E+11,"Block Group 3, Census Tract 1128.04, Salt Lake County, Utah",1656,32
1500000US490351128044,4.90351E+11,"Block Group 4, Census Tract 1128.04, Salt Lake County, Utah",1531,160
1500000US490351128051,4.90351E+11,"Block Group 1, Census Tract 1128.05, Salt Lake County, Utah",1895,68
1500000US490351128052,4.90351E+11,"Block Group 2, Census Tract 1128.05, Salt Lake County, Utah",2094,78
1500000US490351128053,4.90351E+11,"Block Group 3, Census Tract 1128.05, Salt Lake County, Utah",1653,105
1500000US490351128101,4.90351E+11,"Block Group 1, Census Tract 1128.10, Salt Lake County, Utah",2226,142
1500000US490351128102,4.90351E+11,"Block Group 2, Census Tract 1128.10, Salt Lake County, Utah",3392,111
1500000US490351128103,4.90351E+11,"Block Group 3, Census Tract 1128.10, Salt Lake County, Utah",1717,103
1500000US490351128121,4.90351E+11,"Block Group 1, Census Tract 1128.12, Salt Lake County, Utah",904,105
1500000US490351128122,4.90351E+11,"Block Group 2, Census Tract 1128.12, Salt Lake County, Utah",1472,219
1500000US490351128123,4.90351E+11,"Block Group 3, Census Tract 1128.12, Salt Lake County, Utah",1491,75
1500000US490351128124,4.90351E+11,"Block Group 4, Census Tract 1128.12, Salt Lake County, Utah",1176,108
1500000US490351128131,4.90351E+11,"Block Group 1, Census Tract 1128.13, Salt Lake County, Utah",1488,144
1500000US490351128132,4.90351E+11,"Block Group 2, Census Tract 1128.13, Salt Lake County, Utah",1226,169
1500000US490351128133,4.90351E+11,"Block Group 3, Census Tract 1128.13, Salt Lake County, Utah",2262,132
1500000US490351128134,4.90351E+11,"Block Group 4, Census Tract 1128.13, Salt Lake County, Utah",776,84
1500000US490351128141,4.90351E+11,"Block Group 1, Census Tract 1128.14, Salt Lake County, Utah",2153,325
1500000US490351128142,4.90351E+11,"Block Group 2, Census Tract 1128.14, Salt Lake County, Utah",2477,240
1500000US490351128151,4.90351E+11,"Block Group 1, Census Tract 1128.15, Salt Lake County, Utah",2598,169
1500000US490351128152,4.90351E+11,"Block Group 2, Census Tract 1128.15, Salt Lake County, Utah",2884,281
1500000US490351128161,4.90351E+11,"Block Group 1, Census Tract 1128.16, Salt Lake County, Utah",2080,187
1500000US490351128162,4.90351E+11,"Block Group 2, Census Tract 1128.16, Salt Lake County, Utah",1112,93
1500000US490351128163,4.90351E+11,"Block Group 3, Census Tract 1128.16, Salt Lake County, Utah",2771,90
1500000US490351128171,4.90351E+11,"Block Group 1, Census Tract 1128.17, Salt Lake County, Utah",3428,177
1500000US490351128172,4.90351E+11,"Block Group 2, Census Tract 1128.17, Salt Lake County, Utah",2610,32
1500000US490351128173,4.90351E+11,"Block Group 3, Census Tract 1128.17, Salt Lake County, Utah",848,73
1500000US490351128181,4.90351E+11,"Block Group 1, Census Tract 1128.18, Salt Lake County, Utah",2061,58
1500000US490351128191,4.90351E+11,"Block Group 1, Census Tract 1128.19, Salt Lake County, Utah",2371,117
1500000US490351128192,4.90351E+11,"Block Group 2, Census Tract 1128.19, Salt Lake County, Utah",4776,132
1500000US490351128201,4.90351E+11,"Block Group 1, Census Tract 1128.20, Salt Lake County, Utah",4330,169
1500000US490351128202,4.90351E+11,"Block Group 2, Census Tract 1128.20, Salt Lake County, Utah",3831,240
1500000US490351128211,4.90351E+11,"Block Group 1, Census Tract 1128.21, Salt Lake County, Utah",3874,329
1500000US490351128212,4.90351E+11,"Block Group 2, Census Tract 1128.21, Salt Lake County, Utah",3126,21
1500000US490351128221,4.90351E+11,"Block Group 1, Census Tract 1128.22, Salt Lake County, Utah",2825,291
1500000US490351128222,4.90351E+11,"Block Group 2, Census Tract 1128.22, Salt Lake County, Utah",1924,345
1500000US490351128231,4.90351E+11,"Block Group 1, Census Tract 1128.23, Salt Lake County, Utah",1549,91
1500000US490351128232,4.90351E+11,"Block Group 2, Census Tract 1128.23, Salt Lake County, Utah",1695,88
1500000US490351128233,4.90351E+11,"Block Group 3, Census Tract 1128.23, Salt Lake County, Utah",1504,241
1500000US490351129041,4.90351E+11,"Block Group 1, Census Tract 1129.04, Salt Lake County, Utah",712,81
1500000US490351129042,4.90351E+11,"Block Group 2, Census Tract 1129.04, Salt Lake County, Utah",3157,309
1500000US490351129043,4.90351E+11,"Block Group 3, Census Tract 1129.04, Salt Lake County, Utah",1171,61
1500000US490351129044,4.90351E+11,"Block Group 4, Census Tract 1129.04, Salt Lake County, Utah",1349,19
1500000US490351129051,4.90351E+11,"Block Group 1, Census Tract 1129.05, Salt Lake County, Utah",1570,209
1500000US490351129052,4.90351E+11,"Block Group 2, Census Tract 1129.05, Salt Lake County, Utah",1270,181
1500000US490351129053,4.90351E+11,"Block Group 3, Census Tract 1129.05, Salt Lake County, Utah",2865,210
1500000US490351129071,4.90351E+11,"Block Group 1, Census Tract 1129.07, Salt Lake County, Utah",1856,68
1500000US490351129072,4.90351E+11,"Block Group 2, Census Tract 1129.07, Salt Lake County, Utah",1372,139
1500000US490351129073,4.90351E+11,"Block Group 3, Census Tract 1129.07, Salt Lake County, Utah",1224,51
1500000US490351129121,4.90351E+11,"Block Group 1, Census Tract 1129.12, Salt Lake County, Utah",1363,113
1500000US490351129122,4.90351E+11,"Block Group 2, Census Tract 1129.12, Salt Lake County, Utah",1272,78
1500000US490351129131,4.90351E+11,"Block Group 1, Census Tract 1129.13, Salt Lake County, Utah",1485,64
1500000US490351129132,4.90351E+11,"Block Group 2, Census Tract 1129.13, Salt Lake County, Utah",2380,300
1500000US490351129133,4.90351E+11,"Block Group 3, Census Tract 1129.13, Salt Lake County, Utah",1366,87
1500000US490351129141,4.90351E+11,"Block Group 1, Census Tract 1129.14, Salt Lake County, Utah",1189,72
1500000US490351129142,4.90351E+11,"Block Group 2, Census Tract 1129.14, Salt Lake County, Utah",2124,146
1500000US490351129143,4.90351E+11,"Block Group 3, Census Tract 1129.14, Salt Lake County, Utah",1853,146
1500000US490351129144,4.90351E+11,"Block Group 4, Census Tract 1129.14, Salt Lake County, Utah",1303,0
1500000US490351129161,4.90351E+11,"Block Group 1, Census Tract 1129.16, Salt Lake County, Utah",2047,39
1500000US490351129162,4.90351E+11,"Block Group 2, Census Tract 1129.16, Salt Lake County, Utah",1319,95
1500000US490351129163,4.90351E+11,"Block Group 3, Census Tract 1129.16, Salt Lake County, Utah",1267,58
1500000US490351129171,4.90351E+11,"Block Group 1, Census Tract 1129.17, Salt Lake County, Utah",1185,166
1500000US490351129172,4.90351E+11,"Block Group 2, Census Tract 1129.17, Salt Lake County, Utah",2718,240
1500000US490351129181,4.90351E+11,"Block Group 1, Census Tract 1129.18, Salt Lake County, Utah",2230,27
1500000US490351129182,4.90351E+11,"Block Group 2, Census Tract 1129.18, Salt Lake County, Utah",3057,143
1500000US490351129201,4.90351E+11,"Block Group 1, Census Tract 1129.20, Salt Lake County, Utah",1373,357
1500000US490351129202,4.90351E+11,"Block Group 2, Census Tract 1129.20, Salt Lake County, Utah",2909,106
1500000US490351129211,4.90351E+11,"Block Group 1, Census Tract 1129.21, Salt Lake County, Utah",1168,125
1500000US490351129212,4.90351E+11,"Block Group 2, Census Tract 1129.21, Salt Lake County, Utah",1011,95
1500000US490351129213,4.90351E+11,"Block Group 3, Census Tract 1129.21, Salt Lake County, Utah",1453,212
1500000US490351130071,4.90351E+11,"Block Group 1, Census Tract 1130.07, Salt Lake County, Utah",2783,122
1500000US490351130072,4.90351E+11,"Block Group 2, Census Tract 1130.07, Salt Lake County, Utah",2755,162
1500000US490351130081,4.90351E+11,"Block Group 1, Census Tract 1130.08, Salt Lake County, Utah",1657,68
1500000US490351130082,4.90351E+11,"Block Group 2, Census Tract 1130.08, Salt Lake County, Utah",1737,155
1500000US490351130083,4.90351E+11,"Block Group 3, Census Tract 1130.08, Salt Lake County, Utah",1475,150
1500000US490351130084,4.90351E+11,"Block Group 4, Census Tract 1130.08, Salt Lake County, Utah",1558,69
1500000US490351130101,4.90351E+11,"Block Group 1, Census Tract 1130.10, Salt Lake County, Utah",1209,96
1500000US490351130102,4.90351E+11,"Block Group 2, Census Tract 1130.10, Salt Lake County, Utah",1548,231
1500000US490351130103,4.90351E+11,"Block Group 3, Census Tract 1130.10, Salt Lake County, Utah",2734,845
1500000US490351130104,4.90351E+11,"Block Group 4, Census Tract 1130.10, Salt Lake County, Utah",1278,86
1500000US490351130111,4.90351E+11,"Block Group 1, Census Tract 1130.11, Salt Lake County, Utah",2358,335
1500000US490351130112,4.90351E+11,"Block Group 2, Census Tract 1130.11, Salt Lake County, Utah",970,45
1500000US490351130113,4.90351E+11,"Block Group 3, Census Tract 1130.11, Salt Lake County, Utah",2195,421
1500000US490351130121,4.90351E+11,"Block Group 1, Census Tract 1130.12, Salt Lake County, Utah",1901,260
1500000US490351130122,4.90351E+11,"Block Group 2, Census Tract 1130.12, Salt Lake County, Utah",3142,211
1500000US490351130131,4.90351E+11,"Block Group 1, Census Tract 1130.13, Salt Lake County, Utah",2409,181
1500000US490351130132,4.90351E+11,"Block Group 2, Census Tract 1130.13, Salt Lake County, Utah",2892,144
1500000US490351130141,4.90351E+11,"Block Group 1, Census Tract 1130.14, Salt Lake County, Utah",1502,203
1500000US490351130142,4.90351E+11,"Block Group 2, Census Tract 1130.14, Salt Lake County, Utah",2252,119
1500000US490351130161,4.90351E+11,"Block Group 1, Census Tract 1130.16, Salt Lake County, Utah",2769,103
1500000US490351130162,4.90351E+11,"Block Group 2, Census Tract 1130.16, Salt Lake County, Utah",3764,101
1500000US490351130171,4.90351E+11,"Block Group 1, Census Tract 1130.17, Salt Lake County, Utah",1478,46
1500000US490351130172,4.90351E+11,"Block Group 2, Census Tract 1130.17, Salt Lake County, Utah",1421,159
1500000US490351130173,4.90351E+11,"Block Group 3, Census Tract 1130.17, Salt Lake County, Utah",2309,161
1500000US490351130174,4.90351E+11,"Block Group 4, Census Tract 1130.17, Salt Lake County, Utah",1995,70
1500000US490351130191,4.90351E+11,"Block Group 1, Census Tract 1130.19, Salt Lake County, Utah",6333,302
1500000US490351130201,4.90351E+11,"Block Group 1, Census Tract 1130.20, Salt Lake County, Utah",12399,331
1500000US490351131011,4.90351E+11,"Block Group 1, Census Tract 1131.01, Salt Lake County, Utah",1739,29
1500000US490351131012,4.90351E+11,"Block Group 2, Census Tract 1131.01, Salt Lake County, Utah",1148,21
1500000US490351131013,4.90351E+11,"Block Group 3, Census Tract 1131.01, Salt Lake County, Utah",2374,214
1500000US490351131014,4.90351E+11,"Block Group 4, Census Tract 1131.01, Salt Lake County, Utah",2097,67
1500000US490351131021,4.90351E+11,"Block Group 1, Census Tract 1131.02, Salt Lake County, Utah",1898,111
1500000US490351131022,4.90351E+11,"Block Group 2, Census Tract 1131.02, Salt Lake County, Utah",1970,148
1500000US490351131051,4.90351E+11,"Block Group 1, Census Tract 1131.05, Salt Lake County, Utah",702,54
1500000US490351131052,4.90351E+11,"Block Group 2, Census Tract 1131.05, Salt Lake County, Utah",3537,235
1500000US490351131071,4.90351E+11,"Block Group 1, Census Tract 1131.07, Salt Lake County, Utah",6926,184
1500000US490351131072,4.90351E+11,"Block Group 2, Census Tract 1131.07, Salt Lake County, Utah",6792,44
1500000US490351131073,4.90351E+11,"Block Group 3, Census Tract 1131.07, Salt Lake County, Utah",8732,175
1500000US490351131081,4.90351E+11,"Block Group 1, Census Tract 1131.08, Salt Lake County, Utah",2450,102
1500000US490351131082,4.90351E+11,"Block Group 2, Census Tract 1131.08, Salt Lake County, Utah",1890,56
1500000US490351133051,4.90351E+11,"Block Group 1, Census Tract 1133.05, Salt Lake County, Utah",2513,166
1500000US490351133052,4.90351E+11,"Block Group 2, Census Tract 1133.05, Salt Lake County, Utah",1988,245
1500000US490351133053,4.90351E+11,"Block Group 3, Census Tract 1133.05, Salt Lake County, Utah",2294,149
1500000US490351133054,4.90351E+11,"Block Group 4, Census Tract 1133.05, Salt Lake County, Utah",1628,143
1500000US490351133061,4.90351E+11,"Block Group 1, Census Tract 1133.06, Salt Lake County, Utah",1213,229
1500000US490351133062,4.90351E+11,"Block Group 2, Census Tract 1133.06, Salt Lake County, Utah",2415,33
1500000US490351133063,4.90351E+11,"Block Group 3, Census Tract 1133.06, Salt Lake County, Utah",1860,33
1500000US490351133071,4.90351E+11,"Block Group 1, Census Tract 1133.07, Salt Lake County, Utah",1229,53
1500000US490351133072,4.90351E+11,"Block Group 2, Census Tract 1133.07, Salt Lake County, Utah",1780,169
1500000US490351133073,4.90351E+11,"Block Group 3, Census Tract 1133.07, Salt Lake County, Utah",3509,174
1500000US490351133074,4.90351E+11,"Block Group 4, Census Tract 1133.07, Salt Lake County, Utah",1134,77
1500000US490351133081,4.90351E+11,"Block Group 1, Census Tract 1133.08, Salt Lake County, Utah",2012,112
1500000US490351133082,4.90351E+11,"Block Group 2, Census Tract 1133.08, Salt Lake County, Utah",1830,123
1500000US490351133083,4.90351E+11,"Block Group 3, Census Tract 1133.08, Salt Lake County, Utah",1808,121
1500000US490351133091,4.90351E+11,"Block Group 1, Census Tract 1133.09, Salt Lake County, Utah",1712,246
1500000US490351133092,4.90351E+11,"Block Group 2, Census Tract 1133.09, Salt Lake County, Utah",1761,105
1500000US490351133093,4.90351E+11,"Block Group 3, Census Tract 1133.09, Salt Lake County, Utah",2072,179
1500000US490351133101,4.90351E+11,"Block Group 1, Census Tract 1133.10, Salt Lake County, Utah",787,150
1500000US490351133102,4.90351E+11,"Block Group 2, Census Tract 1133.10, Salt Lake County, Utah",1345,144
1500000US490351133103,4.90351E+11,"Block Group 3, Census Tract 1133.10, Salt Lake County, Utah",611,106
1500000US490351134061,4.90351E+11,"Block Group 1, Census Tract 1134.06, Salt Lake County, Utah",2195,144
1500000US490351134062,4.90351E+11,"Block Group 2, Census Tract 1134.06, Salt Lake County, Utah",2541,148
1500000US490351134063,4.90351E+11,"Block Group 3, Census Tract 1134.06, Salt Lake County, Utah",2031,149
1500000US490351134071,4.90351E+11,"Block Group 1, Census Tract 1134.07, Salt Lake County, Utah",2160,155
1500000US490351134072,4.90351E+11,"Block Group 2, Census Tract 1134.07, Salt Lake County, Utah",5788,223
1500000US490351134073,4.90351E+11,"Block Group 3, Census Tract 1134.07, Salt Lake County, Utah",2421,24
1500000US490351134081,4.90351E+11,"Block Group 1, Census Tract 1134.08, Salt Lake County, Utah",2771,212
1500000US490351134082,4.90351E+11,"Block Group 2, Census Tract 1134.08, Salt Lake County, Utah",2012,101
1500000US490351134083,4.90351E+11,"Block Group 3, Census Tract 1134.08, Salt Lake County, Utah",1716,64
1500000US490351134091,4.90351E+11,"Block Group 1, Census Tract 1134.09, Salt Lake County, Utah",1686,144
1500000US490351134092,4.90351E+11,"Block Group 2, Census Tract 1134.09, Salt Lake County, Utah",2059,108
1500000US490351134093,4.90351E+11,"Block Group 3, Census Tract 1134.09, Salt Lake County, Utah",2336,58
1500000US490351134101,4.90351E+11,"Block Group 1, Census Tract 1134.10, Salt Lake County, Utah",2109,96
1500000US490351134102,4.90351E+11,"Block Group 2, Census Tract 1134.10, Salt Lake County, Utah",1057,135
1500000US490351134103,4.90351E+11,"Block Group 3, Census Tract 1134.10, Salt Lake County, Utah",1426,141
1500000US490351134104,4.90351E+11,"Block Group 4, Census Tract 1134.10, Salt Lake County, Utah",1567,178
1500000US490351134111,4.90351E+11,"Block Group 1, Census Tract 1134.11, Salt Lake County, Utah",1095,110
1500000US490351134112,4.90351E+11,"Block Group 2, Census Tract 1134.11, Salt Lake County, Utah",1752,294
1500000US490351134121,4.90351E+11,"Block Group 1, Census Tract 1134.12, Salt Lake County, Utah",2871,193
1500000US490351134131,4.90351E+11,"Block Group 1, Census Tract 1134.13, Salt Lake County, Utah",1981,282
1500000US490351134132,4.90351E+11,"Block Group 2, Census Tract 1134.13, Salt Lake County, Utah",1518,171
1500000US490351134133,4.90351E+11,"Block Group 3, Census Tract 1134.13, Salt Lake County, Utah",2062,197
1500000US490351135051,4.90351E+11,"Block Group 1, Census Tract 1135.05, Salt Lake County, Utah",1111,56
1500000US490351135052,4.90351E+11,"Block Group 2, Census Tract 1135.05, Salt Lake County, Utah",2458,271
1500000US490351135053,4.90351E+11,"Block Group 3, Census Tract 1135.05, Salt Lake County, Utah",1553,191
1500000US490351135054,4.90351E+11,"Block Group 4, Census Tract 1135.05, Salt Lake County, Utah",1805,155
1500000US490351135091,4.90351E+11,"Block Group 1, Census Tract 1135.09, Salt Lake County, Utah",3136,282
1500000US490351135092,4.90351E+11,"Block Group 2, Census Tract 1135.09, Salt Lake County, Utah",3406,247
1500000US490351135101,4.90351E+11,"Block Group 1, Census Tract 1135.10, Salt Lake County, Utah",1588,138
1500000US490351135102,4.90351E+11,"Block Group 2, Census Tract 1135.10, Salt Lake County, Utah",1259,219
1500000US490351135103,4.90351E+11,"Block Group 3, Census Tract 1135.10, Salt Lake County, Utah",591,131
1500000US490351135111,4.90351E+11,"Block Group 1, Census Tract 1135.11, Salt Lake County, Utah",2791,346
1500000US490351135112,4.90351E+11,"Block Group 2, Census Tract 1135.11, Salt Lake County, Utah",1466,142
1500000US490351135121,4.90351E+11,"Block Group 1, Census Tract 1135.12, Salt Lake County, Utah",2146,138
1500000US490351135122,4.90351E+11,"Block Group 2, Census Tract 1135.12, Salt Lake County, Utah",1361,28
1500000US490351135131,4.90351E+11,"Block Group 1, Census Tract 1135.13, Salt Lake County, Utah",1768,215
1500000US490351135132,4.90351E+11,"Block Group 2, Census Tract 1135.13, Salt Lake County, Utah",958,187
1500000US490351135133,4.90351E+11,"Block Group 3, Census Tract 1135.13, Salt Lake County, Utah",1502,27
1500000US490351135134,4.90351E+11,"Block Group 4, Census Tract 1135.13, Salt Lake County, Utah",2001,64
1500000US490351135141,4.90351E+11,"Block Group 1, Census Tract 1135.14, Salt Lake County, Utah",1290,125
1500000US490351135142,4.90351E+11,"Block Group 2, Census Tract 1135.14, Salt Lake County, Utah",1106,264
1500000US490351135143,4.90351E+11,"Block Group 3, Census Tract 1135.14, Salt Lake County, Utah",1387,190
1500000US490351135144,4.90351E+11,"Block Group 4, Census Tract 1135.14, Salt Lake County, Utah",1664,150
1500000US490351135151,4.90351E+11,"Block Group 1, Census Tract 1135.15, Salt Lake County, Utah",2113,308
1500000US490351135152,4.90351E+11,"Block Group 2, Census Tract 1135.15, Salt Lake County, Utah",1233,213
1500000US490351135153,4.90351E+11,"Block Group 3, Census Tract 1135.15, Salt Lake County, Utah",2568,116
1500000US490351135201,4.90351E+11,"Block Group 1, Census Tract 1135.20, Salt Lake County, Utah",2248,121
1500000US490351135202,4.90351E+11,"Block Group 2, Census Tract 1135.20, Salt Lake County, Utah",1931,206
1500000US490351135211,4.90351E+11,"Block Group 1, Census Tract 1135.21, Salt Lake County, Utah",2085,177
1500000US490351135212,4.90351E+11,"Block Group 2, Census Tract 1135.21, Salt Lake County, Utah",1540,82
1500000US490351135213,4.90351E+11,"Block Group 3, Census Tract 1135.21, Salt Lake County, Utah",1195,73
1500000US490351135214,4.90351E+11,"Block Group 4, Census Tract 1135.21, Salt Lake County, Utah",1129,150
1500000US490351135221,4.90351E+11,"Block Group 1, Census Tract 1135.22, Salt Lake County, Utah",1972,196
1500000US490351135222,4.90351E+11,"Block Group 2, Census Tract 1135.22, Salt Lake County, Utah",1406,133
1500000US490351135231,4.90351E+11,"Block Group 1, Census Tract 1135.23, Salt Lake County, Utah",1656,34
1500000US490351135232,4.90351E+11,"Block Group 2, Census Tract 1135.23, Salt Lake County, Utah",1770,62
1500000US490351135233,4.90351E+11,"Block Group 3, Census Tract 1135.23, Salt Lake County, Utah",1953,56
1500000US490351135234,4.90351E+11,"Block Group 4, Census Tract 1135.23, Salt Lake County, Utah",1204,7
1500000US490351135251,4.90351E+11,"Block Group 1, Census Tract 1135.25, Salt Lake County, Utah",1918,17
1500000US490351135252,4.90351E+11,"Block Group 2, Census Tract 1135.25, Salt Lake County, Utah",4821,130
1500000US490351135261,4.90351E+11,"Block Group 1, Census Tract 1135.26, Salt Lake County, Utah",2762,82
1500000US490351135262,4.90351E+11,"Block Group 2, Census Tract 1135.26, Salt Lake County, Utah",956,0
1500000US490351135263,4.90351E+11,"Block Group 3, Census Tract 1135.26, Salt Lake County, Utah",1307,21
1500000US490351135271,4.90351E+11,"Block Group 1, Census Tract 1135.27, Salt Lake County, Utah",1327,15
1500000US490351135272,4.90351E+11,"Block Group 2, Census Tract 1135.27, Salt Lake County, Utah",1491,13
1500000US490351135273,4.90351E+11,"Block Group 3, Census Tract 1135.27, Salt Lake County, Utah",1554,24
1500000US490351135281,4.90351E+11,"Block Group 1, Census Tract 1135.28, Salt Lake County, Utah",1496,20
1500000US490351135282,4.90351E+11,"Block Group 2, Census Tract 1135.28, Salt Lake County, Utah",1614,70
1500000US490351135283,4.90351E+11,"Block Group 3, Census Tract 1135.28, Salt Lake County, Utah",2113,7
1500000US490351135321,4.90351E+11,"Block Group 1, Census Tract 1135.32, Salt Lake County, Utah",1769,182
1500000US490351135322,4.90351E+11,"Block Group 2, Census Tract 1135.32, Salt Lake County, Utah",1786,180
1500000US490351135331,4.90351E+11,"Block Group 1, Census Tract 1135.33, Salt Lake County, Utah",2907,223
1500000US490351135332,4.90351E+11,"Block Group 2, Census Tract 1135.33, Salt Lake County, Utah",1220,105
1500000US490351135333,4.90351E+11,"Block Group 3, Census Tract 1135.33, Salt Lake County, Utah",863,130
1500000US490351135341,4.90351E+11,"Block Group 1, Census Tract 1135.34, Salt Lake County, Utah",4623,99
1500000US490351135342,4.90351E+11,"Block Group 2, Census Tract 1135.34, Salt Lake County, Utah",2820,82
1500000US490351135351,4.90351E+11,"Block Group 1, Census Tract 1135.35, Salt Lake County, Utah",6845,235
1500000US490351135361,4.90351E+11,"Block Group 1, Census Tract 1135.36, Salt Lake County, Utah",1700,225
1500000US490351135362,4.90351E+11,"Block Group 2, Census Tract 1135.36, Salt Lake County, Utah",2454,106
1500000US490351135371,4.90351E+11,"Block Group 1, Census Tract 1135.37, Salt Lake County, Utah",1126,253
1500000US490351135372,4.90351E+11,"Block Group 2, Census Tract 1135.37, Salt Lake County, Utah",2291,225
1500000US490351135381,4.90351E+11,"Block Group 1, Census Tract 1135.38, Salt Lake County, Utah",2040,192
1500000US490351135382,4.90351E+11,"Block Group 2, Census Tract 1135.38, Salt Lake County, Utah",1756,0
1500000US490351135391,4.90351E+11,"Block Group 1, Census Tract 1135.39, Salt Lake County, Utah",2381,119
1500000US490351135392,4.90351E+11,"Block Group 2, Census Tract 1135.39, Salt Lake County, Utah",1851,143
1500000US490351136001,4.90351E+11,"Block Group 1, Census Tract 1136, Salt Lake County, Utah",1690,261
1500000US490351136002,4.90351E+11,"Block Group 2, Census Tract 1136, Salt Lake County, Utah",1558,87
1500000US490351136003,4.90351E+11,"Block Group 3, Census Tract 1136, Salt Lake County, Utah",1227,201
1500000US490351136004,4.90351E+11,"Block Group 4, Census Tract 1136, Salt Lake County, Utah",1076,116
1500000US490351137011,4.90351E+11,"Block Group 1, Census Tract 1137.01, Salt Lake County, Utah",1586,38
1500000US490351137012,4.90351E+11,"Block Group 2, Census Tract 1137.01, Salt Lake County, Utah",714,85
1500000US490351137013,4.90351E+11,"Block Group 3, Census Tract 1137.01, Salt Lake County, Utah",1759,114
1500000US490351137021,4.90351E+11,"Block Group 1, Census Tract 1137.02, Salt Lake County, Utah",1294,170
1500000US490351137022,4.90351E+11,"Block Group 2, Census Tract 1137.02, Salt Lake County, Utah",1630,29
1500000US490351138011,4.90351E+11,"Block Group 1, Census Tract 1138.01, Salt Lake County, Utah",1630,81
1500000US490351138012,4.90351E+11,"Block Group 2, Census Tract 1138.01, Salt Lake County, Utah",1899,62
1500000US490351138013,4.90351E+11,"Block Group 3, Census Tract 1138.01, Salt Lake County, Utah",1072,124
1500000US490351138014,4.90351E+11,"Block Group 4, Census Tract 1138.01, Salt Lake County, Utah",831,38
1500000US490351138021,4.90351E+11,"Block Group 1, Census Tract 1138.02, Salt Lake County, Utah",1249,207
1500000US490351138022,4.90351E+11,"Block Group 2, Census Tract 1138.02, Salt Lake County, Utah",1185,139
1500000US490351138023,4.90351E+11,"Block Group 3, Census Tract 1138.02, Salt Lake County, Utah",1154,66
1500000US490351138031,4.90351E+11,"Block Group 1, Census Tract 1138.03, Salt Lake County, Utah",2392,47
1500000US490351138032,4.90351E+11,"Block Group 2, Census Tract 1138.03, Salt Lake County, Utah",4185,118
1500000US490351138033,4.90351E+11,"Block Group 3, Census Tract 1138.03, Salt Lake County, Utah",2276,68
1500000US490351139031,4.90351E+11,"Block Group 1, Census Tract 1139.03, Salt Lake County, Utah",3414,180
1500000US490351139032,4.90351E+11,"Block Group 2, Census Tract 1139.03, Salt Lake County, Utah",2308,48
1500000US490351139041,4.90351E+11,"Block Group 1, Census Tract 1139.04, Salt Lake County, Utah",806,32
1500000US490351139042,4.90351E+11,"Block Group 2, Census Tract 1139.04, Salt Lake County, Utah",819,157
1500000US490351139043,4.90351E+11,"Block Group 3, Census Tract 1139.04, Salt Lake County, Utah",946,76
1500000US490351139044,4.90351E+11,"Block Group 4, Census Tract 1139.04, Salt Lake County, Utah",2715,191
1500000US490351139051,4.90351E+11,"Block Group 1, Census Tract 1139.05, Salt Lake County, Utah",1763,67
1500000US490351139052,4.90351E+11,"Block Group 2, Census Tract 1139.05, Salt Lake County, Utah",2457,41
1500000US490351139053,4.90351E+11,"Block Group 3, Census Tract 1139.05, Salt Lake County, Utah",1723,34
1500000US490351139054,4.90351E+11,"Block Group 4, Census Tract 1139.05, Salt Lake County, Utah",1762,34
1500000US490351139061,4.90351E+11,"Block Group 1, Census Tract 1139.06, Salt Lake County, Utah",2086,188
1500000US490351139062,4.90351E+11,"Block Group 2, Census Tract 1139.06, Salt Lake County, Utah",835,69
1500000US490351139063,4.90351E+11,"Block Group 3, Census Tract 1139.06, Salt Lake County, Utah",1275,90
1500000US490351139071,4.90351E+11,"Block Group 1, Census Tract 1139.07, Salt Lake County, Utah",4863,122
1500000US490351139072,4.90351E+11,"Block Group 2, Census Tract 1139.07, Salt Lake County, Utah",1591,53
1500000US490351139073,4.90351E+11,"Block Group 3, Census Tract 1139.07, Salt Lake County, Utah",1353,129
1500000US490351140001,4.90351E+11,"Block Group 1, Census Tract 1140, Salt Lake County, Utah",1976,192
1500000US490351141001,4.90351E+11,"Block Group 1, Census Tract 1141, Salt Lake County, Utah",869,42
1500000US490351141002,4.90351E+11,"Block Group 2, Census Tract 1141, Salt Lake County, Utah",1534,145
1500000US490351142001,4.90351E+11,"Block Group 1, Census Tract 1142, Salt Lake County, Utah",2162,279
1500000US490351142002,4.90351E+11,"Block Group 2, Census Tract 1142, Salt Lake County, Utah",2162,128
1500000US490351143001,4.90351E+11,"Block Group 1, Census Tract 1143, Salt Lake County, Utah",3424,256
1500000US490351143002,4.90351E+11,"Block Group 2, Census Tract 1143, Salt Lake County, Utah",2560,100
1500000US490351143003,4.90351E+11,"Block Group 3, Census Tract 1143, Salt Lake County, Utah",3976,131
1500000US490351143004,4.90351E+11,"Block Group 4, Census Tract 1143, Salt Lake County, Utah",7069,75
1500000US490351145001,4.90351E+11,"Block Group 1, Census Tract 1145, Salt Lake County, Utah",2177,108
1500000US490351145002,4.90351E+11,"Block Group 2, Census Tract 1145, Salt Lake County, Utah",1293,29
1500000US490351145003,4.90351E+11,"Block Group 3, Census Tract 1145, Salt Lake County, Utah",2667,132
1500000US490351146001,4.90351E+11,"Block Group 1, Census Tract 1146, Salt Lake County, Utah",2404,210
1500000US490351146002,4.90351E+11,"Block Group 2, Census Tract 1146, Salt Lake County, Utah",3211,169
1500000US490351146003,4.90351E+11,"Block Group 3, Census Tract 1146, Salt Lake County, Utah",2014,319
1500000US490351147001,4.90351E+11,"Block Group 1, Census Tract 1147, Salt Lake County, Utah",2521,274
1500000US490351147002,4.90351E+11,"Block Group 2, Census Tract 1147, Salt Lake County, Utah",2209,293
1500000US490351148001,4.90351E+11,"Block Group 1, Census Tract 1148, Salt Lake County, Utah",1092,223
1500000US490351148002,4.90351E+11,"Block Group 2, Census Tract 1148, Salt Lake County, Utah",1060,168
1500000US490351148003,4.90351E+11,"Block Group 3, Census Tract 1148, Salt Lake County, Utah",1463,161
1500000US490351151061,4.90351E+11,"Block Group 1, Census Tract 1151.06, Salt Lake County, Utah",7985,377
1500000US490351152091,4.90351E+11,"Block Group 1, Census Tract 1152.09, Salt Lake County, Utah",3174,57
1500000US490351152092,4.90351E+11,"Block Group 2, Census Tract 1152.09, Salt Lake County, Utah",4184,89
1500000US490359800001,4.9036E+11,"Block Group 1, Census Tract 9800, Salt Lake County, Utah",0,0
